temperature,vibration,pressure,runtime_hours,machine_type,maintenance_history,error_count,failure,severity
90.96,0.65,39.87,21.06,Compressor,4,1,0,Low
83.34,0.57,47.83,146.75,Pump,5,3,0,Low
92.77,0.41,38.11,200.37,Motor,1,0,0,Low
103.28,0.28,45.38,476.52,Pump,4,2,1,Medium
82.19,0.53,21.6,316.79,Motor,0,7,0,Low
82.19,0.47,53.2,89.74,Motor,3,7,0,Low
103.95,0.56,50.02,308.32,Pump,2,7,1,Medium
94.21,0.51,37.74,64.32,Compressor,0,5,0,Low
79.37,0.59,59.89,379.92,Motor,5,5,0,Low
91.51,0.3,64.06,193.47,Compressor,0,4,0,Low
79.44,0.64,25.89,238.76,Pump,4,8,0,Low
79.41,0.44,38.56,409.1,Motor,1,3,0,Low
87.9,0.77,38.46,95.54,Pump,3,9,1,Medium
62.04,0.28,35.9,82.35,Compressor,5,6,0,Low
64.3,0.71,62.44,179.97,Pump,5,0,0,Low
78.25,0.44,47.09,374.61,Pump,2,8,1,Medium
72.85,0.28,46.03,67.68,Motor,0,6,0,Low
88.77,0.31,20.0,20.0,Pump,2,9,0,Low
74.1,0.34,59.53,195.86,Pump,1,8,0,Low
68.05,0.48,31.41,316.21,Pump,1,6,0,Low
102.59,0.49,50.9,394.03,Motor,2,1,1,Medium
82.29,0.3,54.16,194.42,Compressor,3,5,0,Low
85.81,0.4,70.41,200.63,Compressor,1,9,1,Medium
67.9,0.79,30.37,388.47,Pump,2,3,1,Medium
78.47,0.71,20.0,25.63,Motor,0,2,0,Low
86.33,0.48,52.76,203.38,Pump,2,1,0,Low
71.19,0.41,77.01,272.85,Compressor,2,5,0,Low
89.51,0.42,68.58,303.91,Motor,4,7,1,Medium
77.79,0.51,53.14,188.82,Compressor,1,5,0,Low
81.5,0.22,42.63,254.13,Compressor,3,8,0,Low
77.78,0.35,62.11,20.0,Motor,3,4,0,Low
107.23,0.1,35.4,171.01,Motor,4,1,0,Low
84.84,0.47,57.15,304.42,Pump,5,7,0,Low
72.31,0.52,57.58,132.12,Pump,3,8,0,Low
94.87,0.31,65.9,257.08,Compressor,2,9,1,Medium
70.35,0.68,90.0,303.62,Motor,4,3,1,Medium
87.51,0.18,55.89,208.89,Motor,0,5,0,Low
61.48,0.14,42.37,270.46,Pump,1,9,0,Low
69.06,0.44,49.62,134.47,Compressor,1,7,0,Low
87.36,0.59,23.46,225.21,Compressor,1,8,0,Low
93.86,0.7,39.58,323.23,Pump,2,4,0,Low
87.06,0.32,43.86,268.84,Motor,0,5,0,Low
83.61,0.59,42.14,179.62,Pump,4,3,0,Low
81.39,0.39,52.29,276.91,Pump,4,4,0,Low
67.26,0.37,37.66,335.75,Pump,1,6,0,Low
76.36,0.56,66.82,20.0,Pump,0,8,1,Medium
79.47,0.52,50.0,389.09,Motor,0,9,1,Medium
97.69,0.12,49.86,209.65,Pump,0,5,0,Low
89.12,0.67,45.08,301.06,Motor,3,5,0,Low
63.84,0.65,52.33,393.67,Pump,3,7,1,Medium
88.89,0.29,62.38,85.4,Compressor,1,3,0,Low
80.38,0.47,36.99,164.87,Motor,0,2,0,Low
76.88,0.49,40.13,215.37,Compressor,5,6,0,Low
92.34,0.45,45.44,155.95,Pump,0,4,0,Low
97.37,0.3,29.81,458.19,Pump,4,1,1,Medium
96.18,0.28,37.71,147.19,Pump,4,1,0,Low
74.93,0.4,42.86,183.33,Motor,1,5,0,Low
81.29,0.61,63.12,274.53,Compressor,5,7,0,Low
88.98,0.5,53.94,105.74,Motor,0,0,0,Low
96.71,0.33,52.9,202.52,Motor,5,5,0,Low
79.25,0.54,62.76,288.09,Pump,1,1,0,Low
82.77,0.1,47.94,210.06,Compressor,4,1,0,Low
71.72,0.61,55.86,238.79,Pump,4,6,0,Low
70.65,0.1,48.45,186.48,Motor,3,9,0,Low
94.75,0.33,53.98,68.26,Pump,1,0,0,Low
101.27,0.2,41.26,288.59,Compressor,1,5,0,Low
84.14,0.17,20.0,460.59,Pump,0,6,1,Medium
97.04,0.61,47.99,252.21,Compressor,0,7,1,Medium
89.34,0.32,71.34,277.03,Compressor,3,6,1,Medium
77.26,0.46,63.89,333.13,Pump,2,5,0,Low
89.34,0.39,64.48,97.68,Motor,5,8,0,Low
103.46,0.49,68.54,454.3,Pump,2,2,1,High
84.57,0.41,51.33,274.28,Motor,2,5,0,Low
103.78,0.17,52.96,445.82,Motor,1,3,1,Medium
53.56,0.58,40.74,162.04,Pump,5,1,0,Low
94.86,0.31,45.26,468.17,Motor,1,0,0,Low
86.04,0.12,59.24,343.02,Motor,5,0,0,Low
81.41,0.32,68.06,316.36,Pump,4,9,1,Medium
86.1,0.67,47.91,278.08,Pump,1,2,0,Low
61.15,0.55,43.25,220.18,Pump,1,3,0,Low
82.36,0.34,50.01,394.06,Motor,1,1,0,Low
89.29,0.34,59.02,266.84,Compressor,3,0,0,Low
102.73,0.34,28.34,20.0,Motor,1,3,0,Low
78.78,0.77,20.0,115.94,Compressor,0,6,1,Medium
75.3,0.47,41.74,227.7,Pump,0,9,0,Low
78.98,0.48,31.69,287.2,Compressor,5,5,0,Low
95.98,0.59,42.38,243.21,Pump,4,5,0,Low
88.95,0.44,47.78,396.28,Pump,3,8,1,Medium
78.64,0.35,43.2,20.0,Compressor,5,1,0,Low
91.16,0.36,71.79,267.23,Pump,0,3,0,Low
86.16,0.39,54.9,31.84,Compressor,3,4,0,Low
96.62,0.39,54.51,341.17,Pump,3,0,0,Low
76.58,0.53,59.33,238.66,Motor,4,7,0,Low
81.07,0.41,32.92,300.35,Motor,3,7,0,Low
80.29,0.53,65.59,146.33,Pump,1,5,0,Low
67.44,0.39,48.86,403.54,Pump,3,4,0,Low
88.55,0.41,60.06,375.01,Compressor,4,7,1,Medium
88.13,0.1,33.92,320.03,Motor,5,2,0,Low
85.06,0.56,26.69,234.46,Compressor,4,2,0,Low
82.18,0.46,62.27,319.58,Pump,4,1,0,Low
68.02,0.58,55.65,165.17,Pump,0,4,0,Low
79.95,0.1,36.47,352.67,Compressor,1,2,0,Low
80.89,0.78,36.96,447.94,Pump,0,2,1,Medium
75.37,0.37,66.88,378.47,Motor,5,5,1,Medium
83.06,0.6,32.16,162.45,Compressor,2,7,0,Low
89.85,0.21,74.64,293.37,Motor,5,1,0,Low
107.63,0.51,36.49,94.82,Motor,1,3,0,Low
87.09,0.21,59.58,318.69,Motor,3,6,0,Low
88.09,0.29,45.07,304.07,Compressor,4,0,0,Low
84.11,0.74,59.05,25.62,Pump,2,0,0,Low
61.97,0.37,41.84,110.59,Motor,1,9,0,Low
84.68,0.44,47.56,216.02,Motor,0,6,0,Low
85.72,0.56,50.61,213.9,Motor,4,6,0,Low
114.56,0.49,34.97,104.86,Pump,5,0,0,Low
82.69,0.43,61.11,296.68,Pump,0,0,0,Low
88.62,0.47,42.3,280.18,Compressor,1,3,0,Low
84.58,0.83,46.57,226.69,Pump,1,4,0,Low
70.98,0.39,35.08,159.31,Compressor,5,4,0,Low
98.71,0.44,20.0,375.84,Compressor,2,3,1,Medium
94.02,0.59,47.13,448.65,Compressor,5,7,1,Medium
94.49,0.6,86.19,191.97,Compressor,3,6,1,Medium
74.09,0.61,61.77,176.54,Compressor,0,8,0,Low
101.83,0.51,49.71,308.94,Motor,2,6,1,Medium
68.18,0.19,46.06,207.04,Pump,4,9,0,Low
92.04,0.69,50.34,233.27,Motor,3,0,0,Low
111.29,0.19,58.21,338.76,Compressor,2,6,1,Medium
73.11,0.45,32.29,20.88,Pump,0,0,0,Low
78.2,0.26,66.71,408.2,Motor,1,6,1,High
86.2,0.39,60.73,258.72,Motor,4,9,0,Low
78.96,0.46,60.77,200.62,Compressor,5,7,0,Low
66.39,0.46,56.58,239.29,Motor,0,8,0,Low
85.82,0.48,50.29,245.49,Motor,3,2,0,Low
72.25,0.69,60.09,42.26,Motor,3,3,0,Low
90.68,0.48,58.88,429.39,Motor,1,3,0,Low
73.97,0.36,44.69,254.96,Motor,1,8,0,Low
103.6,0.57,41.4,303.16,Compressor,4,6,1,Medium
75.6,0.61,51.53,364.19,Compressor,5,2,0,Low
81.14,0.18,73.24,127.46,Motor,4,9,1,Medium
94.76,0.51,31.41,306.82,Compressor,1,4,0,Low
70.23,0.53,27.99,217.88,Compressor,1,6,0,Low
87.73,0.35,52.47,351.61,Pump,3,7,1,Medium
100.69,0.65,50.76,20.0,Motor,1,0,0,Low
65.71,0.37,52.6,238.11,Compressor,2,1,0,Low
87.22,0.42,53.66,177.66,Compressor,0,6,0,Low
88.12,0.37,46.65,301.87,Motor,1,1,0,Low
94.38,0.4,72.35,306.41,Pump,4,6,1,Medium
70.16,0.2,25.99,165.08,Motor,5,8,0,Low
69.15,0.14,37.57,164.54,Pump,5,1,0,Low
91.26,0.69,48.45,236.72,Motor,5,6,1,Medium
88.56,0.25,25.35,142.4,Motor,2,3,0,Low
88.01,0.22,47.36,351.04,Motor,4,1,0,Low
89.16,0.1,74.92,205.7,Motor,2,6,1,Medium
76.84,0.28,50.31,20.0,Pump,1,4,0,Low
87.79,0.16,53.46,205.02,Pump,0,0,0,Low
88.52,0.7,31.1,125.37,Compressor,5,4,0,Low
76.43,0.58,40.75,54.25,Motor,4,2,0,Low
107.39,0.28,44.37,101.51,Pump,5,6,1,Medium
90.69,0.81,45.23,263.13,Pump,2,5,0,Low
70.7,0.58,69.22,409.44,Pump,3,7,1,High
92.88,0.34,58.37,287.58,Motor,1,4,0,Low
73.3,0.1,33.33,177.22,Compressor,0,1,0,Low
94.45,0.81,53.7,304.71,Pump,1,8,1,Medium
98.9,0.15,57.47,194.91,Motor,3,7,1,Medium
75.15,0.1,67.1,166.65,Pump,0,5,0,Low
96.56,0.58,73.71,111.48,Pump,3,9,1,High
89.95,0.84,34.77,39.78,Compressor,1,6,1,Medium
94.86,0.65,37.84,203.21,Pump,2,8,0,Low
107.76,0.5,31.14,268.97,Pump,1,6,1,Medium
82.06,0.51,46.49,238.41,Motor,1,2,0,Low
75.96,0.55,57.0,200.08,Motor,1,5,0,Low
74.33,0.54,64.81,136.51,Compressor,4,6,0,Low
75.21,0.45,48.86,322.99,Motor,3,1,0,Low
84.07,0.42,45.2,91.94,Motor,3,2,0,Low
89.09,0.39,52.28,343.12,Compressor,5,3,0,Low
88.32,0.26,37.47,129.73,Pump,3,9,0,Low
94.93,0.35,81.34,159.71,Compressor,5,5,0,Low
85.16,0.1,25.89,73.99,Motor,4,0,0,Low
102.44,0.38,52.77,189.83,Compressor,2,8,1,Medium
81.82,0.22,80.35,367.04,Pump,5,4,1,Medium
117.64,0.2,50.1,311.88,Compressor,1,6,1,Medium
92.51,0.43,47.15,367.41,Motor,2,8,1,Medium
74.71,0.65,44.64,312.66,Motor,4,8,1,Medium
72.15,0.57,47.29,117.56,Compressor,3,0,0,Low
90.79,0.12,70.59,210.31,Pump,5,0,0,Low
82.32,0.22,20.0,156.38,Compressor,1,2,0,Low
93.57,0.57,73.0,409.67,Pump,0,5,1,Medium
90.68,0.22,28.64,106.39,Pump,0,1,0,Low
84.13,0.36,46.0,357.24,Compressor,2,9,1,Medium
74.84,0.5,43.56,357.15,Pump,3,0,0,Low
66.82,0.23,58.83,469.55,Motor,0,0,0,Low
79.64,0.42,26.03,200.84,Compressor,2,4,0,Low
95.28,0.16,56.93,335.48,Pump,4,3,0,Low
87.57,0.29,80.36,523.8,Motor,2,0,1,Medium
70.05,0.46,29.55,175.88,Compressor,2,3,0,Low
87.08,0.11,52.85,65.8,Motor,2,2,0,Low
89.62,0.48,40.07,24.4,Motor,1,1,0,Low
74.39,0.4,56.39,335.53,Motor,2,8,0,Low
86.84,0.5,50.29,24.02,Pump,5,0,0,Low
85.7,0.44,40.38,205.32,Compressor,2,6,0,Low
71.28,0.65,57.32,302.48,Compressor,1,3,0,Low
89.29,0.42,77.07,272.22,Pump,1,4,0,Low
91.73,0.32,47.14,301.05,Compressor,4,9,0,Low
98.0,0.42,60.8,276.67,Motor,3,4,0,Low
97.65,0.5,30.6,403.46,Compressor,0,0,1,Medium
68.47,0.41,35.65,135.72,Pump,0,5,0,Low
73.75,0.41,57.09,168.76,Motor,2,8,0,Low
91.18,0.27,72.26,157.28,Pump,4,1,0,Low
91.17,0.28,55.33,349.62,Motor,2,6,0,Low
91.18,0.15,45.3,358.05,Motor,0,5,0,Low
120.0,0.71,49.99,304.15,Compressor,1,4,1,Medium
91.85,0.18,31.24,392.02,Motor,3,3,0,Low
98.63,0.28,59.07,108.64,Pump,4,3,0,Low
96.45,0.27,63.23,450.07,Compressor,1,5,1,Medium
92.82,0.56,43.22,432.79,Pump,3,3,0,Low
81.22,0.35,42.95,338.27,Motor,4,4,0,Low
94.11,0.62,53.99,463.82,Pump,4,5,0,Low
75.73,0.28,43.45,51.21,Pump,0,4,0,Low
82.16,0.45,49.01,187.07,Motor,1,6,0,Low
79.18,0.25,81.5,161.76,Compressor,4,8,1,Medium
85.98,0.79,46.29,336.58,Pump,5,9,1,Medium
112.78,0.19,44.62,123.98,Motor,4,6,1,Medium
62.59,0.46,40.29,340.9,Compressor,3,6,0,Low
93.24,0.51,61.16,414.46,Compressor,0,3,0,Low
65.65,0.47,47.28,333.42,Compressor,2,0,0,Low
79.34,0.37,40.26,284.05,Pump,0,7,0,Low
98.07,0.38,69.82,131.46,Pump,2,3,1,Medium
85.77,0.41,71.29,148.38,Pump,1,0,0,Low
72.07,0.37,40.99,399.95,Compressor,1,4,0,Low
76.42,0.57,22.0,343.52,Pump,4,7,0,Low
93.16,0.8,65.11,245.32,Motor,5,3,1,Medium
76.24,0.3,39.73,199.85,Pump,1,7,0,Low
87.6,0.15,61.86,20.0,Pump,4,7,0,Low
85.55,0.38,20.45,121.5,Compressor,0,2,0,Low
77.18,0.86,63.39,479.37,Pump,1,8,1,High
110.73,0.26,31.83,96.35,Motor,0,2,0,Low
92.61,0.7,60.96,272.74,Compressor,0,0,0,Low
60.7,0.7,50.21,370.89,Motor,5,1,1,Medium
87.24,0.3,35.69,99.41,Compressor,1,5,0,Low
77.06,0.5,43.89,272.17,Compressor,0,9,0,Low
95.23,0.69,60.29,362.55,Pump,5,1,1,High
75.49,0.33,51.59,251.5,Motor,5,5,0,Low
83.62,0.36,58.77,594.21,Compressor,1,0,0,Low
91.06,0.3,79.65,49.77,Pump,5,0,0,Low
95.39,0.22,26.54,377.05,Compressor,1,4,1,Medium
70.6,0.28,74.26,229.26,Compressor,1,9,1,Medium
80.99,0.18,51.57,342.63,Compressor,2,8,0,Low
79.3,0.41,36.52,302.96,Compressor,0,7,0,Low
77.16,0.26,30.05,162.02,Compressor,3,2,0,Low
106.19,0.44,47.16,277.48,Compressor,1,2,0,Low
89.86,0.12,63.82,27.05,Pump,0,0,0,Low
69.87,0.46,48.09,322.39,Compressor,5,2,0,Low
96.01,0.55,72.67,285.78,Motor,4,0,1,Medium
110.47,0.1,28.23,326.64,Pump,1,7,1,Medium
97.39,0.47,49.82,376.97,Motor,5,0,1,Medium
66.77,0.62,31.21,294.11,Compressor,5,4,0,Low
79.19,0.18,55.45,267.77,Motor,5,8,0,Low
100.2,0.7,63.3,144.27,Compressor,5,6,1,High
76.51,0.48,43.69,164.53,Compressor,5,3,0,Low
90.33,0.27,20.0,392.41,Pump,1,8,1,Medium
94.3,0.39,52.98,422.36,Pump,3,8,1,Medium
73.88,0.5,56.55,221.43,Compressor,2,1,0,Low
84.29,0.41,56.06,255.52,Pump,5,9,0,Low
50.0,0.5,68.54,141.45,Motor,5,9,1,Medium
72.71,0.23,33.93,390.73,Pump,2,5,0,Low
81.97,0.43,60.2,329.85,Pump,1,3,0,Low
70.03,0.15,67.89,482.95,Motor,0,7,1,High
104.59,0.38,23.32,144.6,Pump,4,6,1,Medium
67.84,0.24,54.79,204.64,Compressor,4,6,0,Low
79.72,0.27,42.44,277.77,Motor,0,9,0,Low
86.57,0.62,48.78,327.58,Compressor,1,8,0,Low
102.3,0.6,55.22,224.12,Motor,4,4,0,Low
67.77,0.51,42.69,145.24,Compressor,2,5,0,Low
98.96,0.2,39.86,355.77,Compressor,0,0,1,Medium
85.12,0.34,50.51,336.54,Pump,3,5,0,Low
73.22,0.62,33.69,140.05,Compressor,1,1,0,Low
90.55,0.43,33.71,412.65,Pump,0,5,0,Low
87.39,0.82,60.19,390.42,Motor,4,8,1,High
77.8,0.47,32.77,266.12,Compressor,1,7,0,Low
85.84,0.43,59.99,259.55,Compressor,2,8,0,Low
80.38,0.34,56.94,316.49,Motor,1,9,0,Low
86.36,0.42,24.11,146.6,Motor,1,7,0,Low
92.95,0.37,39.84,253.6,Compressor,2,2,0,Low
104.03,0.53,67.91,20.0,Motor,5,7,1,High
70.15,0.57,35.28,355.17,Pump,2,5,0,Low
110.6,0.26,43.03,62.62,Motor,1,5,0,Low
61.57,0.16,56.93,430.41,Motor,2,5,0,Low
83.18,0.1,61.75,210.39,Compressor,5,2,0,Low
92.06,0.49,46.23,224.6,Pump,0,9,0,Low
88.37,0.2,41.04,174.67,Motor,2,0,0,Low
77.53,0.1,71.34,215.44,Pump,2,3,0,Low
82.5,0.47,76.08,420.22,Pump,1,9,1,High
79.08,0.85,64.68,20.0,Pump,0,5,0,Low
77.93,0.4,51.28,403.24,Compressor,3,9,1,Medium
95.2,0.55,37.88,290.56,Motor,3,1,0,Low
89.28,0.41,37.54,105.16,Compressor,4,6,0,Low
76.69,0.38,57.84,120.96,Motor,2,6,0,Low
95.8,0.57,56.28,451.17,Motor,2,3,1,Medium
88.69,0.35,71.02,136.54,Compressor,0,3,0,Low
94.75,0.45,59.76,111.6,Pump,5,0,0,Low
92.56,0.46,27.45,386.48,Pump,3,1,0,Low
75.05,0.28,65.78,290.63,Motor,4,8,1,Medium
78.28,0.58,35.03,137.45,Compressor,0,9,0,Low
93.97,0.37,44.24,275.99,Pump,2,7,0,Low
92.32,0.26,53.75,126.91,Pump,3,7,0,Low
84.75,0.5,79.94,382.1,Motor,4,8,1,High
86.41,0.24,90.0,377.36,Motor,1,6,1,High
100.33,0.41,59.1,313.84,Compressor,3,8,1,Medium
77.9,0.4,47.25,293.4,Motor,4,9,0,Low
91.57,0.6,58.02,461.34,Pump,0,1,0,Low
82.57,0.49,63.31,249.96,Pump,1,5,0,Low
82.39,0.4,45.19,108.18,Pump,4,2,0,Low
98.19,0.55,76.93,303.94,Pump,4,5,1,Medium
94.9,0.65,53.45,500.33,Compressor,2,2,1,Medium
94.76,0.5,57.47,128.23,Compressor,5,7,0,Low
100.67,0.4,59.99,206.62,Motor,3,3,0,Low
85.25,0.16,56.32,299.97,Motor,2,9,0,Low
93.18,0.21,62.58,243.53,Motor,1,5,0,Low
81.28,0.35,40.74,132.12,Compressor,5,8,0,Low
88.89,0.29,41.63,384.62,Pump,4,1,0,Low
83.44,0.37,33.5,528.4,Motor,2,1,0,Low
86.16,0.41,56.59,273.54,Pump,5,6,0,Low
92.14,0.5,61.68,141.51,Motor,3,1,0,Low
75.18,0.39,56.87,64.12,Motor,1,1,0,Low
110.11,0.49,75.12,280.96,Motor,0,3,1,Medium
72.93,0.41,49.92,382.47,Motor,2,8,1,Medium
70.43,0.1,60.03,307.02,Motor,1,7,0,Low
98.9,0.23,33.62,249.71,Pump,0,1,0,Low
94.5,0.37,44.19,179.29,Motor,2,7,0,Low
92.49,0.18,60.43,118.94,Pump,1,3,0,Low
92.54,0.51,62.74,350.17,Compressor,1,1,0,Low
84.85,0.68,45.59,359.65,Motor,5,9,1,High
74.23,0.62,48.93,64.51,Pump,2,6,0,Low
85.91,0.36,27.23,440.78,Compressor,1,5,0,Low
76.87,0.67,44.64,318.89,Compressor,4,9,1,Medium
96.7,0.43,63.36,417.95,Compressor,2,4,1,Medium
83.24,0.34,58.63,88.94,Pump,1,0,0,Low
75.09,0.29,57.51,86.1,Motor,5,1,0,Low
81.14,0.35,50.75,232.12,Motor,0,7,0,Low
89.96,0.33,50.11,310.33,Pump,0,0,0,Low
78.24,0.43,40.1,465.56,Motor,4,2,0,Low
75.13,0.43,60.48,334.73,Pump,2,1,0,Low
87.92,0.4,56.31,220.88,Motor,5,4,0,Low
87.94,0.48,57.38,126.84,Compressor,1,3,0,Low
78.92,0.61,42.11,397.6,Motor,1,6,1,Medium
79.35,0.57,20.0,134.24,Pump,0,4,0,Low
87.78,0.13,66.46,445.42,Pump,5,7,1,High
67.62,0.1,42.82,215.87,Compressor,4,3,0,Low
68.11,0.57,37.06,440.87,Pump,0,5,0,Low
76.38,0.15,60.4,331.47,Motor,0,3,0,Low
82.44,0.36,44.12,233.56,Motor,4,1,0,Low
88.73,0.19,65.9,187.67,Compressor,2,0,0,Low
102.7,0.1,59.26,209.09,Pump,1,0,0,Low
95.29,0.5,60.25,301.4,Compressor,2,7,1,Medium
83.08,0.54,29.51,259.26,Motor,5,3,0,Low
84.77,0.3,68.18,178.74,Compressor,3,4,0,Low
72.97,0.1,53.92,230.12,Pump,3,7,0,Low
84.78,0.3,44.46,259.43,Compressor,3,6,0,Low
81.54,0.47,52.15,20.0,Pump,4,7,0,Low
88.87,0.13,23.36,304.98,Pump,0,7,0,Low
75.07,0.43,56.13,132.43,Motor,2,5,0,Low
91.23,0.4,34.56,111.6,Motor,1,9,0,Low
103.39,0.5,29.71,47.52,Motor,3,1,0,Low
83.69,0.42,27.16,34.73,Pump,2,5,0,Low
89.82,0.22,66.69,87.35,Compressor,3,0,0,Low
93.28,0.62,40.56,164.92,Pump,3,0,0,Low
80.19,0.37,73.01,484.39,Motor,1,2,1,Medium
87.69,0.4,41.96,186.89,Motor,5,2,0,Low
85.15,0.23,24.39,271.33,Compressor,5,4,0,Low
86.17,0.32,33.25,298.06,Motor,5,0,0,Low
75.72,0.24,68.54,265.73,Motor,4,9,1,Medium
85.29,0.37,47.66,240.71,Motor,0,5,0,Low
90.98,0.71,41.78,106.56,Compressor,4,6,1,Medium
102.41,0.15,52.4,424.11,Pump,2,9,1,High
96.51,0.11,57.53,466.86,Motor,4,2,1,Medium
110.84,0.66,66.76,48.08,Compressor,2,3,1,High
75.79,0.36,71.73,127.12,Motor,2,9,1,Medium
95.47,0.28,44.6,216.42,Compressor,0,9,1,Medium
87.2,0.59,30.11,134.26,Motor,1,9,0,Low
111.28,0.29,43.8,310.72,Compressor,0,9,1,Medium
75.3,0.73,53.9,162.61,Motor,5,9,1,Medium
74.92,0.52,35.54,509.81,Pump,5,2,0,Low
77.81,0.31,35.64,392.87,Motor,4,0,0,Low
59.51,0.79,55.16,275.51,Compressor,2,7,1,Medium
78.69,0.29,49.27,373.24,Motor,3,9,1,Medium
75.89,0.53,50.49,382.71,Pump,3,9,1,Medium
86.8,0.45,38.62,182.33,Motor,2,1,0,Low
89.1,0.63,46.54,152.05,Compressor,0,0,0,Low
107.51,0.68,36.14,259.38,Compressor,1,7,1,High
96.41,0.41,63.35,353.4,Pump,0,6,1,High
78.08,0.26,65.53,266.69,Compressor,2,6,1,Medium
74.22,0.48,22.31,60.76,Motor,2,3,0,Low
90.9,0.28,36.06,153.66,Motor,1,8,0,Low
69.16,0.76,27.55,241.12,Motor,4,5,0,Low
106.98,0.42,40.25,240.92,Compressor,4,1,0,Low
99.15,0.33,48.75,486.71,Motor,1,0,1,Medium
79.37,0.43,28.26,83.68,Motor,4,0,0,Low
64.44,0.16,36.17,310.67,Motor,3,8,0,Low
101.25,0.23,34.94,428.69,Pump,4,3,1,Medium
83.63,0.62,53.11,522.57,Compressor,4,4,0,Low
99.85,0.28,51.04,201.47,Compressor,4,2,0,Low
65.87,0.21,39.17,308.97,Compressor,3,3,0,Low
77.81,0.5,52.65,318.37,Pump,4,7,0,Low
85.06,0.61,41.8,273.46,Compressor,5,3,0,Low
85.56,0.53,45.93,238.14,Pump,3,8,0,Low
79.6,0.58,75.1,302.32,Pump,1,8,1,Medium
92.47,0.26,70.11,20.0,Compressor,0,5,0,Low
72.19,0.14,30.51,331.85,Motor,1,1,0,Low
83.29,0.67,62.45,265.14,Motor,0,9,1,Medium
86.44,0.34,62.17,223.3,Compressor,1,6,0,Low
91.17,0.35,32.78,495.62,Compressor,5,8,1,Medium
93.54,0.64,62.28,169.01,Pump,0,5,0,Low
71.5,0.5,73.07,201.63,Compressor,0,2,0,Low
66.59,0.48,33.16,488.99,Pump,2,6,1,Medium
100.33,0.79,36.24,150.15,Compressor,0,4,1,Medium
88.99,0.28,65.26,183.99,Motor,0,0,0,Low
76.02,0.57,54.07,232.36,Motor,2,2,0,Low
103.61,0.41,58.27,350.89,Compressor,4,4,1,Medium
86.39,0.45,55.11,274.94,Pump,4,6,0,Low
99.15,0.68,55.86,94.88,Motor,2,2,1,Medium
85.81,0.49,30.1,186.14,Pump,3,5,0,Low
109.73,0.5,65.71,177.12,Compressor,0,4,1,Medium
106.06,0.59,67.54,240.73,Compressor,0,0,1,Medium
82.01,0.33,46.56,301.1,Motor,2,9,0,Low
96.66,0.25,49.35,300.18,Compressor,2,5,0,Low
92.74,0.21,27.03,36.88,Motor,3,7,0,Low
101.42,0.1,57.71,377.67,Pump,5,0,1,Medium
73.42,0.77,58.58,280.31,Motor,4,1,0,Low
93.23,0.2,49.07,416.14,Motor,1,3,0,Low
97.7,0.36,66.87,303.3,Pump,5,1,1,Medium
63.9,0.35,44.99,382.16,Motor,4,8,1,Medium
70.8,0.46,58.47,305.99,Motor,0,9,0,Low
60.53,0.55,34.71,411.55,Compressor,5,7,1,Medium
81.77,0.55,49.65,312.67,Pump,2,7,0,Low
93.61,0.3,47.38,238.25,Motor,3,3,0,Low
103.03,0.37,53.38,522.69,Pump,4,4,1,Medium
85.89,0.45,44.46,356.68,Pump,3,3,0,Low
104.54,0.36,48.03,318.85,Motor,4,8,1,Medium
68.44,0.69,62.39,96.84,Compressor,5,1,0,Low
64.56,0.49,43.45,95.4,Pump,0,7,0,Low
84.33,0.53,25.9,285.13,Motor,1,1,0,Low
89.61,0.52,76.24,267.46,Pump,3,0,0,Low
84.61,0.61,70.72,176.31,Compressor,3,9,1,Medium
60.19,0.43,30.62,266.92,Compressor,1,2,0,Low
83.93,0.17,60.35,440.64,Compressor,3,8,1,Medium
69.35,0.47,42.46,333.45,Motor,3,2,0,Low
93.04,0.28,53.95,113.08,Motor,4,8,0,Low
89.4,0.3,54.41,236.62,Compressor,4,6,0,Low
73.72,0.51,46.48,153.4,Motor,1,9,0,Low
78.83,0.62,38.24,203.48,Compressor,0,0,0,Low
72.29,0.4,39.64,200.37,Motor,5,9,0,Low
84.25,0.46,36.26,192.68,Compressor,5,4,0,Low
96.46,0.71,37.52,99.38,Pump,3,8,1,High
73.17,0.44,48.99,234.68,Compressor,0,2,0,Low
91.05,0.87,39.26,182.73,Compressor,1,8,1,Medium
78.64,0.5,60.23,20.0,Motor,1,4,0,Low
75.49,0.1,72.31,496.36,Motor,4,8,1,High
83.72,0.54,41.3,380.65,Motor,3,9,1,Medium
72.58,0.47,53.59,204.84,Motor,2,5,0,Low
78.36,0.63,57.5,252.26,Motor,1,8,0,Low
70.63,0.52,57.08,109.4,Motor,3,6,0,Low
108.58,0.38,51.14,453.49,Pump,0,6,1,High
85.42,0.18,61.14,477.67,Compressor,4,7,1,Medium
76.6,0.36,57.23,268.8,Compressor,5,6,0,Low
87.57,0.25,31.44,372.82,Compressor,0,8,1,Medium
83.65,0.3,63.04,271.03,Pump,1,8,0,Low
82.35,0.51,63.31,89.59,Compressor,1,5,0,Low
92.37,0.7,38.55,200.58,Pump,0,6,1,Medium
94.09,0.47,50.57,265.83,Pump,1,1,0,Low
78.63,0.18,60.25,195.45,Pump,3,8,0,Low
78.09,0.48,46.86,223.76,Compressor,1,0,0,Low
81.7,0.62,66.09,239.03,Pump,4,0,0,Low
57.38,0.29,85.46,240.29,Compressor,3,2,0,Low
66.82,0.38,38.21,256.27,Compressor,2,5,0,Low
101.4,0.4,29.28,122.73,Motor,1,4,0,Low
104.74,0.26,54.56,163.96,Motor,1,1,0,Low
82.01,0.52,60.82,95.85,Pump,4,8,0,Low
91.92,0.38,46.54,367.34,Pump,4,9,1,Medium
88.74,0.48,71.8,20.0,Compressor,5,3,0,Low
120.0,0.24,29.92,388.43,Pump,0,3,1,Medium
98.43,0.32,60.39,416.36,Pump,0,4,1,Medium
83.46,0.53,40.91,213.74,Compressor,0,7,0,Low
73.53,0.33,75.79,20.0,Pump,4,9,1,Medium
65.72,0.71,79.89,206.64,Pump,0,3,1,Medium
87.44,0.33,38.5,242.3,Compressor,0,4,0,Low
75.92,0.44,41.76,128.73,Compressor,2,3,0,Low
67.93,0.57,62.89,188.17,Motor,0,5,0,Low
77.24,0.14,44.19,433.62,Compressor,1,2,0,Low
72.02,0.1,49.32,329.79,Motor,5,7,0,Low
105.25,0.13,50.38,139.05,Pump,4,5,0,Low
95.58,0.63,21.2,58.29,Compressor,3,9,1,Medium
84.9,0.3,49.79,210.76,Compressor,5,4,0,Low
102.76,0.86,39.65,224.39,Compressor,2,1,1,Medium
85.93,0.3,42.6,309.54,Pump,4,9,0,Low
74.66,0.43,71.65,185.76,Motor,4,9,1,Medium
103.28,0.68,31.15,311.38,Pump,1,6,1,High
91.47,0.76,62.2,482.22,Pump,5,1,1,Medium
72.55,0.77,45.82,347.86,Compressor,5,0,0,Low
82.72,0.62,45.8,244.23,Motor,0,6,0,Low
74.49,0.58,61.86,228.02,Pump,1,4,0,Low
68.41,0.51,55.1,207.2,Compressor,0,0,0,Low
96.11,0.54,58.56,391.68,Pump,0,3,1,Medium
107.91,0.3,64.52,174.72,Pump,4,3,0,Low
68.22,0.25,45.03,255.43,Compressor,5,9,0,Low
91.76,0.4,40.82,256.14,Compressor,0,6,0,Low
77.19,0.37,33.72,189.79,Motor,2,8,0,Low
79.15,0.32,37.62,85.3,Pump,2,1,0,Low
77.89,0.53,90.0,288.76,Compressor,5,0,0,Low
74.63,0.57,68.67,242.68,Compressor,2,1,0,Low
85.58,0.42,29.73,310.03,Motor,4,6,0,Low
75.03,0.67,30.16,185.97,Motor,1,9,1,Medium
88.25,0.19,57.23,396.5,Compressor,3,5,0,Low
84.4,0.37,58.21,144.79,Motor,0,3,0,Low
82.13,0.27,58.23,455.44,Compressor,3,0,0,Low
74.11,0.1,46.18,40.28,Pump,1,0,0,Low
78.08,0.39,48.12,302.17,Motor,1,4,0,Low
94.06,0.38,54.92,307.05,Pump,4,0,0,Low
91.01,0.67,51.29,154.53,Pump,2,6,1,Medium
73.27,0.51,20.0,300.93,Pump,2,0,0,Low
86.19,0.22,46.55,403.54,Compressor,1,0,0,Low
94.02,0.73,37.23,20.0,Pump,4,1,0,Low
64.97,0.62,52.63,310.33,Pump,4,9,0,Low
91.52,0.5,90.0,20.0,Pump,5,2,0,Low
77.05,0.36,55.51,134.12,Compressor,0,0,0,Low
91.85,0.23,45.3,445.5,Pump,2,8,1,Medium
75.84,0.33,63.83,180.19,Pump,1,9,0,Low
63.34,0.6,57.24,109.13,Motor,5,7,0,Low
65.47,0.74,56.3,226.25,Compressor,3,4,0,Low
85.58,0.68,59.1,498.15,Pump,2,1,1,Medium
88.12,0.31,80.85,30.2,Motor,0,4,0,Low
74.15,0.2,33.04,123.84,Compressor,4,5,0,Low
92.66,0.43,57.1,429.69,Compressor,1,0,0,Low
65.06,0.1,36.1,472.92,Compressor,2,3,0,Low
84.21,0.46,58.33,237.59,Compressor,3,8,0,Low
70.47,0.37,36.22,101.31,Compressor,0,1,0,Low
77.18,0.32,43.74,501.5,Compressor,0,4,0,Low
85.57,0.11,45.57,441.33,Pump,5,0,0,Low
74.68,0.49,64.64,331.47,Pump,2,3,0,Low
80.39,0.3,63.78,152.51,Pump,3,3,0,Low
97.08,0.19,31.31,244.12,Pump,0,5,0,Low
78.08,0.1,50.82,230.76,Motor,1,9,0,Low
95.03,0.4,39.36,289.7,Pump,0,8,1,Medium
71.44,0.72,31.12,424.12,Compressor,3,2,1,Medium
91.36,0.7,46.74,355.53,Pump,4,8,1,High
102.3,0.32,45.37,120.71,Pump,4,5,0,Low
55.34,0.29,86.4,415.18,Compressor,5,6,1,High
75.44,0.48,56.49,287.58,Pump,2,9,0,Low
91.92,0.22,29.34,332.45,Pump,3,1,0,Low
82.56,0.45,41.53,425.98,Pump,5,9,1,Medium
89.45,0.54,65.32,116.61,Motor,0,5,0,Low
77.75,0.62,81.33,245.7,Pump,0,5,0,Low
86.04,0.38,26.21,186.23,Compressor,4,1,0,Low
83.13,0.36,21.8,61.86,Compressor,5,1,0,Low
99.01,0.24,78.06,291.61,Pump,4,1,1,Medium
88.05,0.25,55.84,551.39,Pump,1,9,1,Medium
89.05,0.36,36.98,29.19,Pump,4,0,0,Low
80.06,0.47,58.02,246.13,Compressor,1,4,0,Low
79.15,0.56,20.0,326.87,Compressor,0,7,0,Low
79.81,0.26,50.05,264.77,Motor,5,1,0,Low
89.73,0.67,54.92,236.42,Motor,1,4,0,Low
79.95,0.35,63.86,94.09,Motor,5,7,0,Low
88.48,0.4,34.79,277.93,Compressor,5,9,0,Low
109.9,0.27,51.29,159.19,Motor,1,4,0,Low
95.45,0.1,36.12,20.0,Pump,2,1,0,Low
81.09,0.56,53.83,393.35,Pump,4,2,0,Low
99.41,0.53,36.57,365.01,Compressor,1,5,1,Medium
80.1,0.35,43.88,256.2,Motor,0,4,0,Low
60.54,0.41,35.06,277.49,Pump,5,3,0,Low
72.9,0.49,59.77,378.92,Compressor,3,3,0,Low
62.55,0.12,62.88,276.92,Motor,1,4,0,Low
80.78,0.3,46.48,358.48,Pump,4,1,0,Low
85.22,0.54,50.57,214.3,Motor,5,8,0,Low
105.12,0.17,28.27,407.44,Compressor,2,1,1,Medium
88.92,0.45,45.5,288.49,Motor,0,9,0,Low
82.37,0.16,49.25,273.29,Compressor,2,1,0,Low
94.95,0.48,89.31,97.59,Motor,3,9,1,Medium
58.47,0.39,33.32,284.43,Pump,1,8,0,Low
87.83,0.11,71.96,150.17,Compressor,5,2,0,Low
94.25,0.61,64.95,173.41,Compressor,1,9,0,Low
67.26,0.27,54.21,152.15,Compressor,4,6,0,Low
98.73,0.25,76.38,122.05,Motor,1,3,1,Medium
89.06,0.44,55.58,504.97,Motor,0,5,0,Low
80.02,0.61,55.84,409.76,Pump,3,3,0,Low
92.59,0.22,49.2,480.44,Compressor,2,9,1,Medium
112.25,0.41,68.35,103.25,Compressor,3,6,1,High
87.18,0.48,66.45,258.55,Motor,5,0,0,Low
87.98,0.52,40.61,94.78,Motor,1,2,0,Low
79.49,0.43,30.21,166.52,Pump,5,2,0,Low
74.8,0.33,46.96,139.82,Pump,2,0,0,Low
94.96,0.25,38.0,398.75,Motor,5,5,0,Low
74.73,0.42,49.05,202.45,Compressor,4,8,0,Low
85.86,0.21,68.56,378.21,Pump,3,7,1,High
79.27,0.1,43.14,322.49,Motor,2,6,0,Low
90.75,0.48,49.36,526.44,Motor,2,9,1,Medium
89.0,0.56,50.87,72.47,Compressor,2,7,0,Low
97.45,0.1,62.73,401.11,Motor,0,5,1,Medium
78.88,0.22,20.0,387.57,Motor,3,8,1,Medium
81.76,0.51,40.9,133.19,Pump,5,2,0,Low
73.25,0.77,53.17,370.86,Motor,2,9,1,High
79.67,0.4,68.0,290.34,Motor,3,9,1,Medium
89.53,0.27,42.62,222.7,Pump,2,8,0,Low
94.08,0.37,21.85,151.13,Compressor,4,3,0,Low
73.93,0.65,59.3,163.71,Compressor,4,6,0,Low
95.44,0.28,40.47,495.98,Pump,4,8,1,High
101.27,0.26,32.16,250.08,Pump,1,1,0,Low
89.96,0.31,40.63,343.86,Compressor,2,1,0,Low
107.52,0.23,47.23,155.09,Compressor,1,8,1,Medium
75.71,0.42,40.93,156.42,Compressor,3,2,0,Low
70.06,0.69,20.0,379.84,Compressor,1,8,1,High
63.66,0.46,63.46,88.05,Compressor,3,4,0,Low
102.95,0.35,69.12,200.17,Pump,3,5,1,Medium
92.85,0.35,59.77,254.08,Motor,3,1,0,Low
84.33,0.12,32.93,263.36,Compressor,5,7,0,Low
88.36,0.56,46.98,228.51,Compressor,1,8,0,Low
71.49,0.39,49.9,297.5,Motor,5,1,0,Low
114.35,0.37,58.98,333.14,Motor,2,5,0,Low
86.55,0.97,60.03,338.16,Motor,1,5,0,Low
86.31,0.45,38.99,131.7,Motor,2,7,0,Low
93.71,0.26,51.23,215.9,Motor,2,9,0,Low
90.77,0.32,56.86,393.37,Motor,3,4,0,Low
87.69,0.61,71.84,357.36,Pump,1,8,1,High
75.51,0.42,60.57,85.26,Motor,2,0,0,Low
90.66,0.14,61.84,292.18,Motor,4,8,0,Low
107.58,0.57,51.26,20.0,Pump,2,9,1,Medium
101.15,0.28,71.16,255.63,Motor,4,6,1,High
104.12,0.74,56.15,477.73,Compressor,1,3,1,High
78.87,0.59,37.08,136.25,Compressor,5,2,0,Low
73.12,0.32,71.05,149.88,Motor,1,9,1,Medium
83.49,0.63,60.47,341.68,Pump,5,5,0,Low
85.67,0.41,43.35,64.86,Compressor,5,0,0,Low
98.13,0.55,42.81,174.07,Pump,1,2,0,Low
64.69,0.49,54.45,321.57,Compressor,2,1,0,Low
103.35,0.25,56.95,173.89,Motor,0,8,1,Medium
83.1,0.28,52.96,221.68,Pump,2,2,0,Low
79.88,0.59,54.67,339.3,Pump,2,1,0,Low
72.85,0.34,75.5,300.59,Pump,3,3,0,Low
65.14,0.33,66.07,282.02,Compressor,3,1,0,Low
94.88,0.23,52.86,209.31,Compressor,2,0,0,Low
85.88,0.48,64.12,294.41,Compressor,4,5,0,Low
69.52,0.77,34.51,235.15,Motor,5,9,1,Medium
69.46,0.21,55.97,304.94,Compressor,3,7,0,Low
80.97,0.4,77.14,190.37,Motor,2,9,1,Medium
105.03,0.65,46.73,228.09,Pump,0,9,1,High
81.88,0.39,37.29,131.21,Pump,4,1,0,Low
66.96,0.48,40.22,245.8,Motor,1,8,0,Low
82.05,0.21,33.66,152.68,Compressor,2,2,0,Low
81.73,0.48,38.23,116.31,Motor,2,7,0,Low
52.64,0.37,44.44,281.04,Pump,5,7,0,Low
84.35,0.58,28.92,275.53,Pump,4,2,0,Low
82.23,0.61,50.23,343.94,Motor,3,2,0,Low
93.35,0.87,63.53,198.26,Compressor,3,5,0,Low
107.19,0.5,36.38,298.97,Compressor,3,0,0,Low
98.52,0.46,72.79,316.1,Motor,1,3,1,Medium
81.77,0.43,57.66,303.37,Motor,4,0,0,Low
71.72,0.34,65.46,150.92,Compressor,4,2,0,Low
115.88,0.46,40.13,267.92,Pump,3,8,1,Medium
85.71,0.35,62.82,293.7,Motor,3,4,0,Low
85.17,0.43,33.62,250.86,Compressor,5,4,0,Low
84.71,0.64,63.35,20.0,Compressor,0,3,0,Low
87.38,0.22,52.58,269.26,Pump,0,2,0,Low
83.27,0.61,58.3,515.5,Pump,2,4,0,Low
78.12,0.64,32.37,206.8,Pump,2,3,0,Low
78.44,0.38,36.57,162.63,Pump,4,7,0,Low
84.61,0.1,58.96,294.8,Pump,4,3,0,Low
78.48,0.29,35.77,287.49,Motor,1,7,0,Low
76.45,0.63,56.95,393.13,Compressor,1,5,0,Low
86.28,0.4,29.49,99.06,Motor,0,4,0,Low
81.94,0.22,62.72,337.77,Motor,2,3,0,Low
103.05,0.31,31.51,320.85,Motor,0,3,0,Low
53.19,0.55,58.28,232.94,Motor,0,3,0,Low
98.1,0.5,59.38,290.64,Motor,2,8,1,Medium
99.95,0.36,39.55,373.53,Pump,1,3,1,Medium
60.12,0.33,58.73,354.68,Pump,5,8,1,Medium
80.89,0.33,53.91,112.84,Compressor,5,9,0,Low
80.54,0.23,41.92,348.42,Motor,5,5,0,Low
68.11,0.69,34.87,242.24,Compressor,2,9,1,Medium
75.67,0.34,20.56,258.74,Pump,3,6,0,Low
71.67,0.62,55.24,258.78,Pump,3,9,0,Low
106.03,0.67,26.53,231.97,Pump,3,2,1,Medium
96.23,0.58,51.43,393.0,Motor,4,7,1,High
100.26,0.32,46.05,239.95,Motor,1,2,0,Low
93.66,0.47,60.19,115.65,Pump,1,0,0,Low
71.45,0.4,45.47,202.78,Compressor,4,9,0,Low
78.71,0.24,45.06,271.44,Compressor,0,4,0,Low
90.87,0.46,60.98,397.51,Pump,5,1,0,Low
70.33,0.19,55.03,322.37,Compressor,3,9,0,Low
93.56,0.61,54.74,147.94,Pump,5,5,0,Low
82.12,0.32,57.04,548.22,Compressor,3,9,1,Medium
80.5,0.44,26.97,281.77,Pump,5,8,0,Low
93.53,0.45,61.35,403.05,Compressor,0,0,0,Low
90.33,0.35,59.19,231.79,Motor,5,3,0,Low
80.67,0.51,34.75,314.0,Pump,5,0,0,Low
98.91,0.31,46.34,350.74,Pump,2,0,1,Medium
72.03,0.56,49.41,396.18,Compressor,5,7,1,Medium
92.39,0.16,47.98,376.88,Pump,2,1,0,Low
92.12,0.42,55.01,354.66,Pump,1,0,0,Low
81.29,0.75,71.47,212.19,Pump,4,7,1,High
88.91,0.22,66.23,181.39,Motor,5,3,0,Low
69.99,0.28,30.32,289.91,Motor,1,2,0,Low
96.09,0.49,59.33,361.98,Compressor,2,3,1,Medium
82.78,0.43,69.93,223.27,Motor,5,4,0,Low
78.73,0.46,55.8,377.82,Compressor,5,0,0,Low
97.59,0.49,66.36,424.31,Motor,0,0,1,High
76.55,0.51,80.18,140.04,Compressor,1,2,0,Low
68.1,0.6,65.36,149.57,Motor,3,5,0,Low
66.32,0.47,53.74,233.15,Motor,3,0,0,Low
92.27,0.36,65.68,286.91,Compressor,0,1,0,Low
69.63,0.52,52.17,187.05,Pump,2,6,0,Low
106.06,0.74,50.36,412.26,Pump,3,0,1,High
60.02,0.38,44.73,300.89,Motor,3,6,0,Low
105.36,0.22,73.45,254.73,Compressor,4,3,1,Medium
87.53,0.6,37.72,77.69,Pump,1,9,0,Low
83.84,0.38,72.99,92.1,Compressor,2,5,0,Low
78.46,0.1,57.5,283.72,Pump,5,7,0,Low
89.79,0.55,29.01,20.0,Compressor,1,8,0,Low
84.55,0.3,55.51,371.52,Motor,2,5,0,Low
98.24,0.38,20.0,231.02,Compressor,3,8,1,Medium
86.37,0.46,59.38,600.0,Pump,4,3,0,Low
86.8,0.43,63.28,526.95,Motor,1,5,0,Low
80.64,0.53,41.11,228.23,Compressor,3,7,0,Low
84.32,0.32,51.85,237.24,Pump,2,8,0,Low
88.69,0.49,79.31,369.47,Motor,1,2,1,Medium
64.48,0.35,42.41,454.38,Compressor,5,1,0,Low
68.82,0.53,34.12,53.44,Pump,1,5,0,Low
93.92,0.51,72.22,35.63,Compressor,3,3,0,Low
87.05,0.23,79.44,175.36,Compressor,1,0,0,Low
82.79,0.6,50.06,319.93,Motor,5,7,0,Low
85.22,0.3,65.17,309.62,Motor,4,8,1,Medium
89.17,0.55,70.12,378.37,Pump,4,8,1,High
78.52,0.47,38.86,106.04,Motor,3,1,0,Low
75.66,0.73,42.72,20.0,Pump,2,8,1,Medium
87.35,0.36,68.46,352.96,Compressor,3,6,1,High
73.26,0.34,75.28,150.62,Compressor,4,4,0,Low
89.9,0.4,58.44,20.0,Pump,0,6,0,Low
64.57,0.35,36.8,267.41,Compressor,0,8,0,Low
97.35,0.54,79.81,345.18,Motor,1,7,1,High
90.67,0.11,42.04,235.35,Compressor,5,5,0,Low
88.07,0.21,44.97,195.06,Motor,1,3,0,Low
96.79,0.21,55.14,230.88,Pump,0,0,0,Low
104.99,0.57,73.31,205.53,Pump,4,5,1,Medium
97.17,0.71,62.81,88.23,Compressor,1,2,1,Medium
62.91,0.38,56.22,164.24,Compressor,3,5,0,Low
69.65,0.37,56.95,312.55,Motor,5,5,0,Low
77.5,0.41,50.65,288.6,Motor,3,3,0,Low
85.31,0.61,58.37,270.17,Compressor,5,1,0,Low
91.21,0.23,20.0,130.58,Compressor,4,8,0,Low
76.29,0.44,45.55,228.22,Pump,1,1,0,Low
87.24,0.58,53.62,20.0,Pump,5,2,0,Low
75.94,0.49,32.73,271.42,Pump,3,9,0,Low
77.66,0.43,55.79,421.46,Compressor,1,0,0,Low
68.12,0.58,46.93,73.1,Compressor,1,6,0,Low
73.92,0.1,76.33,179.69,Compressor,3,0,0,Low
68.78,0.52,73.6,289.49,Pump,0,8,1,Medium
73.29,0.28,43.01,400.34,Compressor,5,0,0,Low
97.64,0.1,47.74,196.21,Motor,3,4,0,Low
73.61,0.49,48.89,166.93,Compressor,4,6,0,Low
116.59,0.65,43.23,20.0,Compressor,2,2,0,Low
90.92,0.38,52.93,262.41,Compressor,3,8,0,Low
87.22,0.57,38.63,495.05,Compressor,1,7,1,Medium
74.7,0.69,33.04,283.28,Compressor,1,2,0,Low
93.4,0.64,59.34,247.33,Motor,3,4,0,Low
78.09,0.7,59.44,288.65,Motor,2,6,1,Medium
86.46,0.53,37.94,248.67,Compressor,3,3,0,Low
115.72,0.41,63.43,152.44,Pump,2,4,0,Low
83.85,0.11,40.53,348.79,Compressor,2,2,0,Low
98.79,0.36,53.8,277.09,Compressor,4,8,1,Medium
76.56,0.25,62.31,252.11,Compressor,5,9,0,Low
84.58,0.79,49.5,132.96,Pump,1,8,1,Medium
106.25,0.37,56.82,406.42,Pump,1,6,1,High
77.48,0.42,42.25,329.76,Pump,2,9,0,Low
106.75,0.5,47.05,183.65,Motor,1,1,0,Low
93.49,0.41,46.91,370.22,Pump,0,6,1,Medium
78.25,0.71,38.8,190.29,Motor,2,6,1,Medium
92.59,0.29,47.35,156.16,Motor,1,4,0,Low
96.67,0.44,26.77,158.84,Pump,0,8,1,Medium
92.46,0.27,42.63,37.47,Pump,4,2,0,Low
66.16,0.16,45.73,306.59,Pump,1,3,0,Low
76.27,0.29,46.16,30.26,Motor,0,0,0,Low
82.03,0.39,46.38,102.59,Compressor,3,5,0,Low
84.11,0.32,49.07,20.0,Pump,5,3,0,Low
92.45,0.28,57.19,239.67,Pump,3,0,0,Low
87.13,0.15,63.12,231.96,Pump,0,1,0,Low
68.98,0.39,40.25,210.8,Motor,2,2,0,Low
89.56,0.13,31.95,124.89,Motor,2,8,0,Low
92.33,0.54,34.37,109.33,Compressor,1,7,0,Low
91.72,0.41,42.69,305.72,Pump,3,6,0,Low
97.97,0.14,44.72,183.93,Motor,2,3,0,Low
95.01,0.34,38.45,287.96,Compressor,2,0,0,Low
90.51,0.26,30.56,143.77,Pump,3,7,0,Low
84.16,0.46,43.16,271.73,Motor,4,3,0,Low
65.07,0.64,52.72,406.39,Pump,2,2,0,Low
90.16,0.1,58.93,320.34,Pump,5,8,0,Low
87.49,0.42,41.64,200.51,Motor,0,9,0,Low
88.26,0.37,43.81,280.86,Motor,1,3,0,Low
69.68,0.52,36.1,221.12,Motor,2,3,0,Low
72.03,0.44,49.53,250.95,Pump,5,8,0,Low
97.64,0.26,37.27,210.93,Pump,5,1,0,Low
84.53,0.34,58.6,230.28,Compressor,2,4,0,Low
93.18,0.26,23.21,275.45,Pump,4,3,0,Low
85.34,0.59,44.61,130.8,Motor,0,8,0,Low
85.36,0.4,54.52,128.09,Pump,1,4,0,Low
96.26,0.74,52.76,83.37,Compressor,2,8,1,High
78.81,0.39,90.0,57.97,Compressor,1,8,1,Medium
86.15,0.27,55.25,103.93,Motor,3,1,0,Low
79.45,0.13,34.94,269.14,Motor,5,8,0,Low
79.79,0.1,48.57,142.87,Compressor,5,2,0,Low
81.29,0.11,23.36,311.63,Compressor,2,3,0,Low
87.67,0.45,48.79,254.17,Compressor,2,0,0,Low
79.26,0.49,37.5,20.0,Motor,3,0,0,Low
100.07,0.12,63.73,328.6,Compressor,4,0,0,Low
74.26,0.56,41.76,347.3,Compressor,2,8,0,Low
82.76,0.31,48.25,130.74,Motor,5,7,0,Low
79.72,0.43,40.47,300.42,Pump,1,4,0,Low
102.36,0.69,76.08,147.22,Pump,0,4,1,High
87.36,0.56,45.18,261.72,Compressor,1,8,0,Low
97.38,0.35,77.49,98.26,Pump,4,2,1,Medium
67.17,0.24,62.21,34.83,Pump,0,2,0,Low
88.2,0.1,57.23,204.06,Pump,1,6,0,Low
95.68,0.27,55.53,235.15,Pump,1,8,1,Medium
85.99,0.36,55.91,202.28,Compressor,3,5,0,Low
97.79,0.22,21.08,107.92,Pump,4,1,0,Low
78.79,0.38,45.82,202.01,Pump,5,0,0,Low
101.91,0.41,62.68,282.32,Motor,3,1,0,Low
112.59,0.36,49.27,244.61,Compressor,0,0,0,Low
80.65,0.28,28.92,271.9,Motor,5,9,0,Low
79.65,0.43,49.21,169.59,Motor,3,9,0,Low
102.44,0.48,75.56,390.61,Compressor,4,8,1,High
103.95,0.2,68.7,108.86,Pump,2,9,1,High
78.73,0.65,49.07,308.51,Motor,2,7,1,Medium
79.96,0.38,64.27,391.83,Compressor,0,6,1,Medium
81.62,0.4,44.5,307.71,Pump,2,2,0,Low
68.87,0.53,24.44,225.7,Compressor,3,7,0,Low
73.98,0.44,36.13,186.6,Motor,0,1,0,Low
72.95,0.57,73.44,374.33,Pump,5,1,1,Medium
75.79,0.45,45.89,79.24,Pump,4,9,0,Low
84.58,0.29,46.35,133.59,Compressor,0,2,0,Low
87.81,0.47,45.5,202.29,Pump,5,6,0,Low
103.61,0.19,78.56,398.52,Motor,0,0,1,High
73.02,0.42,74.39,295.57,Motor,1,7,1,Medium
96.81,0.39,83.28,133.83,Motor,1,6,1,High
82.43,0.36,47.61,212.76,Compressor,0,3,0,Low
84.41,0.38,54.43,176.28,Pump,2,4,0,Low
93.1,0.1,27.25,164.83,Pump,1,9,0,Low
71.53,0.3,72.15,367.47,Pump,4,0,1,Medium
89.59,0.42,32.48,85.39,Motor,5,3,0,Low
87.0,0.43,53.25,443.05,Pump,3,0,0,Low
90.91,0.22,33.54,349.39,Motor,1,0,0,Low
88.47,0.63,41.17,380.9,Pump,0,9,1,Medium
114.46,0.24,37.44,194.45,Motor,2,0,0,Low
77.35,0.57,40.88,232.01,Pump,3,6,0,Low
78.63,0.48,41.91,78.02,Compressor,5,6,0,Low
77.52,0.28,41.78,187.04,Compressor,5,3,0,Low
78.33,0.72,62.5,309.24,Motor,1,1,0,Low
77.35,0.19,33.43,405.53,Motor,5,2,0,Low
99.27,0.57,53.31,117.14,Pump,5,7,1,Medium
102.05,0.58,68.27,206.14,Pump,2,7,1,High
78.15,0.28,42.3,231.84,Compressor,2,5,0,Low
75.01,0.65,39.23,82.51,Pump,2,9,1,Medium
90.66,0.35,46.54,320.96,Motor,0,8,0,Low
78.37,0.45,67.7,163.12,Motor,5,8,1,Medium
92.6,0.45,52.91,226.55,Motor,5,3,0,Low
87.44,0.38,42.03,195.77,Motor,5,0,0,Low
66.81,0.55,57.26,155.28,Motor,4,0,0,Low
103.57,0.54,33.47,249.15,Compressor,2,9,1,Medium
106.55,0.1,60.22,224.13,Compressor,3,4,0,Low
77.65,0.63,56.13,205.38,Motor,1,1,0,Low
80.35,0.1,45.38,162.58,Pump,3,5,0,Low
88.43,0.59,37.42,288.34,Motor,0,6,0,Low
89.01,0.6,36.7,448.43,Compressor,0,0,0,Low
92.9,0.2,58.02,266.79,Motor,5,5,0,Low
109.12,0.33,68.43,369.53,Compressor,3,7,1,High
82.88,0.2,40.44,83.17,Compressor,5,4,0,Low
75.42,0.36,56.88,268.93,Motor,4,6,0,Low
68.45,0.34,20.0,118.32,Motor,0,9,0,Low
76.23,0.54,41.23,72.77,Pump,0,5,0,Low
84.6,0.64,49.53,161.28,Compressor,3,3,0,Low
106.53,0.65,36.35,393.03,Pump,0,6,1,High
78.79,0.3,35.95,364.0,Motor,4,9,1,Medium
87.69,0.36,39.98,279.16,Compressor,4,8,0,Low
84.8,0.1,54.38,66.08,Pump,4,9,0,Low
99.26,0.25,47.19,226.45,Pump,1,9,1,Medium
115.32,0.57,20.0,286.2,Pump,4,6,1,Medium
78.63,0.69,20.0,271.06,Motor,4,4,0,Low
79.13,0.18,40.9,28.74,Motor,1,6,0,Low
97.53,0.29,56.87,143.16,Motor,5,2,0,Low
93.18,0.4,20.0,242.31,Compressor,2,1,0,Low
107.16,0.45,42.5,314.35,Motor,0,4,0,Low
92.01,0.25,42.11,20.0,Compressor,4,3,0,Low
80.69,0.48,70.83,230.55,Pump,0,4,0,Low
92.09,0.31,44.22,267.17,Pump,3,7,0,Low
98.3,0.4,55.74,351.95,Motor,0,3,1,Medium
94.85,0.5,52.12,333.14,Pump,5,8,0,Low
91.09,0.4,20.0,319.91,Motor,1,6,0,Low
97.8,0.32,61.52,154.01,Compressor,0,9,1,Medium
99.03,0.38,53.23,21.04,Pump,0,6,1,Medium
101.59,0.38,57.62,202.83,Motor,0,7,1,Medium
92.78,0.33,90.0,370.2,Pump,2,5,1,Medium
82.99,0.35,20.0,417.21,Pump,2,7,1,Medium
86.76,0.69,75.87,335.27,Motor,3,2,1,Medium
99.48,0.5,45.69,301.52,Pump,1,9,1,Medium
75.2,0.35,54.31,295.56,Pump,0,9,0,Low
89.42,0.53,49.32,183.27,Pump,0,0,0,Low
80.28,0.34,43.64,234.39,Pump,0,5,0,Low
85.34,0.61,41.45,450.29,Compressor,0,0,0,Low
100.34,0.47,54.94,136.89,Pump,2,8,1,Medium
87.29,0.38,27.24,443.77,Pump,5,1,0,Low
85.56,0.48,61.26,211.36,Motor,5,1,0,Low
68.68,0.12,43.76,409.05,Compressor,3,6,1,Medium
93.96,0.2,33.05,81.18,Motor,4,1,0,Low
92.75,0.19,43.25,320.31,Motor,1,9,0,Low
110.96,0.43,68.86,161.59,Motor,5,7,1,High
81.31,0.71,41.97,80.17,Compressor,0,5,0,Low
87.63,0.8,55.38,276.22,Motor,5,6,1,Medium
87.99,0.51,39.04,371.14,Motor,3,6,1,Medium
103.93,0.49,61.37,148.61,Motor,4,5,0,Low
83.86,0.1,60.28,70.12,Pump,5,9,0,Low
88.35,0.3,77.73,238.98,Motor,3,8,1,Medium
92.29,0.26,47.37,239.51,Compressor,2,8,0,Low
87.24,0.29,60.03,315.8,Compressor,4,6,0,Low
79.64,0.37,51.47,363.95,Pump,3,8,1,Medium
87.33,0.32,69.44,242.87,Compressor,5,9,1,Medium
97.88,0.1,39.22,472.66,Compressor,2,2,1,Medium
72.68,0.53,61.18,276.91,Pump,3,2,0,Low
86.6,0.21,47.08,208.43,Motor,3,0,0,Low
76.6,0.44,49.04,56.61,Pump,5,4,0,Low
99.34,0.77,51.38,218.48,Motor,4,3,1,Medium
66.72,0.23,53.78,209.63,Motor,2,1,0,Low
78.29,0.1,48.26,365.24,Compressor,0,8,1,Medium
89.53,0.35,53.22,305.5,Pump,1,2,0,Low
103.79,0.6,73.67,108.48,Compressor,4,7,1,High
84.21,0.75,64.78,270.67,Compressor,2,5,0,Low
78.34,0.18,63.04,330.58,Motor,3,4,0,Low
107.57,0.49,43.17,433.36,Compressor,2,0,1,Medium
67.62,0.32,36.66,356.5,Pump,1,3,0,Low
58.61,0.38,64.33,341.3,Compressor,5,2,0,Low
90.28,0.88,63.14,257.21,Compressor,1,0,0,Low
78.98,0.13,72.09,296.6,Motor,0,4,0,Low
72.75,0.45,40.94,399.94,Pump,0,5,0,Low
93.5,0.48,46.56,90.07,Compressor,1,1,0,Low
87.93,0.6,25.41,208.07,Motor,4,2,0,Low
78.23,0.42,44.11,157.29,Compressor,4,5,0,Low
69.64,0.46,64.95,295.5,Pump,3,3,0,Low
95.47,0.33,43.0,397.63,Compressor,0,8,1,High
92.8,0.45,59.61,178.36,Compressor,3,4,0,Low
83.81,0.34,47.14,20.0,Motor,0,3,0,Low
107.16,0.51,54.86,200.53,Compressor,1,1,0,Low
72.16,0.33,32.78,359.62,Motor,4,5,0,Low
66.69,0.47,51.28,314.52,Pump,4,9,0,Low
76.7,0.39,20.0,301.38,Compressor,1,1,0,Low
84.45,0.6,47.2,216.4,Pump,3,6,0,Low
87.92,0.39,25.54,96.52,Pump,3,2,0,Low
82.11,0.1,68.09,311.84,Compressor,2,8,1,Medium
89.22,0.63,61.66,149.89,Motor,0,4,0,Low
69.98,0.24,57.0,512.09,Pump,3,7,1,Medium
102.33,0.28,72.82,318.46,Pump,1,5,1,Medium
84.01,0.29,35.77,180.32,Compressor,3,9,0,Low
98.41,0.65,76.21,176.63,Compressor,4,7,1,High
89.11,0.1,63.98,238.85,Compressor,0,2,0,Low
90.48,0.96,46.45,221.26,Compressor,5,2,0,Low
91.84,0.59,67.03,384.02,Compressor,2,4,1,Medium
90.37,0.44,33.41,272.37,Compressor,0,9,0,Low
92.71,0.39,37.63,162.2,Motor,4,2,0,Low
100.95,0.45,40.87,476.85,Pump,4,7,1,High
87.36,0.49,42.07,255.92,Motor,4,9,0,Low
93.51,0.52,34.15,342.26,Motor,4,7,0,Low
83.92,0.5,68.35,177.01,Compressor,1,1,0,Low
102.28,0.42,46.12,293.57,Pump,2,3,0,Low
76.88,0.36,55.29,287.33,Motor,5,9,0,Low
106.61,0.37,41.44,23.24,Compressor,4,0,0,Low
84.52,0.36,22.69,491.83,Compressor,4,3,0,Low
67.83,0.6,54.05,404.88,Pump,3,3,0,Low
86.54,0.51,21.32,202.34,Motor,2,9,0,Low
76.83,0.1,48.97,117.73,Motor,0,8,0,Low
95.09,0.52,29.48,291.71,Motor,2,2,0,Low
77.17,0.44,79.81,260.4,Compressor,2,1,0,Low
79.65,0.4,63.67,292.68,Pump,5,8,0,Low
62.33,0.33,51.59,272.99,Pump,2,8,0,Low
79.57,0.6,68.96,310.75,Motor,5,0,0,Low
55.91,0.57,37.31,423.68,Compressor,4,5,0,Low
65.99,0.26,58.15,318.17,Motor,4,9,0,Low
94.12,0.47,53.0,124.04,Pump,1,7,0,Low
94.43,0.23,53.96,413.51,Compressor,5,2,0,Low
90.11,0.15,69.09,446.87,Motor,5,8,1,High
73.4,0.29,60.99,600.0,Motor,0,1,0,Low
84.43,0.56,54.33,115.18,Compressor,3,5,0,Low
84.96,0.57,25.18,279.15,Pump,2,0,0,Low
71.1,0.49,35.6,20.0,Compressor,0,6,0,Low
103.04,0.53,48.16,316.38,Motor,5,2,0,Low
95.53,0.49,51.4,184.22,Motor,0,6,1,Medium
82.35,0.28,33.05,480.81,Motor,1,3,0,Low
85.32,0.48,86.18,157.05,Motor,3,8,1,Medium
87.5,0.54,72.75,47.3,Pump,5,4,0,Low
60.5,0.54,59.03,193.45,Pump,5,2,0,Low
82.03,0.61,51.08,20.0,Motor,2,7,0,Low
76.82,0.53,46.82,340.13,Pump,3,5,0,Low
72.98,0.46,35.72,20.0,Pump,1,1,0,Low
81.63,0.59,51.16,253.41,Pump,4,2,0,Low
106.57,0.4,53.87,20.0,Motor,0,7,1,Medium
92.69,0.24,31.37,211.56,Compressor,2,9,0,Low
78.15,0.37,55.01,447.21,Compressor,5,6,1,Medium
91.87,0.27,47.67,293.28,Compressor,4,9,0,Low
